{"(10, 3)": 8.25, "(10, 2)": 7.333333333333333, "(5, 2)": 4.0, "(5, 3)": 4.5, "(6, 2)": 4.666666666666667, "(6, 3)": 5.25}